Модель;Цена;Цена без скидки
LED телевизор Samsung UE43T5300AUXCE;194 990 ;Скидки нет
LED телевизор Samsung UE50AU7100UXCE;264 990 ;319 990 
LED телевизор Samsung UE32T4500AUXCE;144 990 ;Скидки нет
LED телевизор Samsung UE55AU7100UXCE;289 990 ;369 990 
LED телевизор Philips 32PHS6825;127 990 ;Скидки нет
LED телевизор Samsung UE55AU9000UXCE;379 990 ;439 990 
QLED телевизор Samsung QE43Q60AAUXCE;289 990 ;339 990 
LED телевизор Philips 43PFS6825;187 990 ;Скидки нет
LED телевизор Samsung UE50AU9000UXCE;319 990 ;369 990 
LED телевизор Samsung UE65AU7100UXCE;399 990 ;499 990 
"LED телевизор Xiaomi 4S 43"" Global L43M5-5A";179 990 ;Скидки нет
LED телевизор Samsung UE55AU8000UXCE;329 990 ;399 990 
LED телевизор Samsung UE65TU7090UXCE;399 990 ;454 990 
QLED 8K телевизор Samsung QE75QN900AUXCE;3 499 990 ;3 899 990 
LED телевизор Samsung UE55TU8000UXCE;269 990 ;349 990 
LED телевизор TCL 55P615;219 990 ;249 990 
LED телевизор ARG LD40А6500;124 990 ;134 990 
LED телевизор Philips 32PHS5505/60;114 990 ;Скидки нет
LED телевизор LG 32LM577BPLA;139 990 ;144 990 
LED телевизор LG 43LM5772PLA;189 990 ;Скидки нет
LED телевизор ARG LD50А6500;149 990 ;Скидки нет
LED телевизор Haier 32 Smart TV MX;99 990 ;119 990 
LED телевизор Kivi 32H710KB;109 890 ;144 990 
OLED телевизор LG OLED65GXRLA;1 099 990 ;1 999 990 
QLED телевизор Samsung The Serif QE55LS01TAUXRU;549 990 ;649 990 
LED телевизор Sony KDL43WF665BR;229 990 ;Скидки нет
LED TV Philips 50PUS7506/60;189 990 ;249 990 
LED телевизор Haier LE55U6900UG;259 990 ;Скидки нет
LED телевизор ARG 32SH90G;67 990 ;82 990 
OLED телевизор LG 55C1RLA;679 990 ;749 990 
LED телевизор Samsung UE43AU9000UXCE;259 990 ;299 990 
LED телевизор Samsung UE43AU7100UXCE;224 990 ;244 990 
LED телевизор LG 43UP78006LC;229 990 ;239 990 
QLED телевизор Samsung QE50Q60AAUXCE;379 990 ;419 990 
LED телевизор LG 50UP78006LC;279 990 ;289 990 
QLED телевизор Samsung QE75Q80TAUXCE;999 990 ;1 299 990 
LED телевизор Haier 32 Smart TV DX;119 990 ;Скидки нет
LED телевизор Samsung UE43AU8000UXCE;249 990 ;279 990 
LED телевизор LG 50UP76006LC;254 990 ;269 990 
LED телевизор ARG 55A7500F;209 990 ;Скидки нет
QLED телевизор Samsung QE55QN85AAUXCE;679 990 ;849 990 
LED телевизор LG 55UP76006LC;284 990 ;309 990 
LED телевизор LG 43UP76006LC;214 990 ;224 990 
LED телевизор Xiaomi L32M6-6ARG;126 390 ;127 990 
NanoCell телевизор LG 55NANO766PA;379 990 ;399 990 
QLED телевизор Samsung QE65Q60AAUXCE;579 990 ;649 990 
QLED телевизор Samsung The Frame TV QE55LS03AAUXCE;599 990 ;699 990 
LED телевизор Samsung UE50AU8000UXCE;299 990 ;349 990 
QLED телевизор Samsung QE55Q60AAUXCE;469 990 ;499 990 
LED телевизор LG 55UP77006LB;284 390 ;329 990 
LED телевизор Samsung UE70AU7100UXCE;499 990 ;599 990 
Nanocell телевизор LG 50NANO766PA;309 990 ;329 990 
NanoCell телевизор LG 65NANO766PA;429 990 ;529 990 
OLED телевизор LG 48C1RLA;599 990 ;649 990 
LED телевизор Samsung UE65AU9000UXCE;439 990 ;589 990 
QLED телевизор Samsung QE55QN90AAUXCE;719 990 ;959 990 
LED телевизор LG 65UP76006LC;379 990 ;429 990 
LED телевизор LG 55UP78006LC;309 990 ;339 990 
LED телевизор Samsung UE75AU7100UXCE;619 990 ;739 990 
LED телевизор LG 43UP77006LB;224 990 ;234 990 
LED телевизор Samsung UE65AU8000UXCE;429 990 ;529 990 
OLED телевизор LG 65C1RLA;1 099 990 ;1 299 990 
OLED телевизор LG OLED55A1RLA;599 990 ;649 990 
LED телевизор ARG US32H3203;99 990 ;Скидки нет
LED телевизор LG 70UP77506LA;469 990 ;539 990 
QLED телевизор Samsung QE75Q60AAUXCE;849 990 ;999 990 
QLED телевизор Samsung QE85Q60AAUXCE;1 299 990 ;1 499 990 
LED телевизор LG 50UP77006LB;269 990 ;279 990 
QLED телевизор Samsung The Frame TV QE50LS03AAUXCE;549 990 ;619 990 
QLED телевизор Samsung QE55Q80AAUXCE;599 990 ;709 990 
LED телевизор Sony KD50X81JR;439 990 ;499 990 
LED телевизор LG 43UP81006LA;234 990 ;259 990 
LED телевизор Xiaomi L43M6-6ARG;200 890 ;204 990 
LED телевизор Sony KD55X81JR;499 990 ;549 990 
LED телевизор ARG US43H3403;149 990 ;Скидки нет
OLED телевизор LG OLED48A1RLA;499 990 ;549 990 
LED телевизор Samsung UE85AU7100UXCE;899 990 ;1 249 990 
LED телевизор LG 55UP81006LA;319 990 ;349 990 
QLED телевизор Samsung QE65QN85AAUXCE;1 149 990 ;Скидки нет
LED телевизор LG 65UP78006LC;404 990 ;459 990 
LED телевизор LG 75UP77506LA;599 990 ;739 990 
QLED телевизор Samsung The Frame TV  QE65LS03AAUXCE;949 990 ;Скидки нет
NanoCell телевизор LG 50NANO866PA;379 990 ;449 990 
LED телевизор Philips 50PUS7406/60;334 990 ;Скидки нет
LED телевизор LG 50UP81006LA;289 990 ;299 990 
Nanocell телевизор LG 75NANO766PA;749 990 ;849 990 
LED телевизор Sony XR65X90JCEP;949 990 ;999 990 
QLED 8K телевизор Samsung QE75QN800AUXCE;2 349 990 ;2 799 990 
LED телевизор Samsung UE75AU8000UXCE;649 990 ;849 990 
LED телевизор LG 43UP76906LE;224 990 ;234 990 
LED телевизор Kivi 40F710KB;159 890 ;189 990 
LED телевизор Sony KD65X81JR;639 990 ;699 990 
LED телевизор KIVI 50U710KB;209 890 ;289 990 
QLED 8K телевизор Samsung QE65QN800AUXCE;1 499 990 ;1 899 990 
NanoCell телевизор LG 55NANO806PA;393 790 ;479 990 
Nanocell телевизор LG 50NANO806PA;349 990 ;419 990 
LED телевизор LG 65UP81006LA;419 990 ;489 990 
QLED телевизор Samsung QE65Q80AAUXCE;949 990 ;Скидки нет
LED телевизор LG 60UP77506LA;359 990 ;369 990 
LED телевизор Samsung UE75AU9000UXCE;749 990 ;929 990 
LED телевизор TCL 50P615;189 990 ;224 990 
LED телевизор LG 86UP81006LA;949 990 ;1 249 990 
LED телевизор Xiaomi L55M6-6ARG;283 590 ;309 990 
NanoCell телевизор LG 65NANO866PA;574 990 ;679 990 
OLED телевизор LG OLED65G1RLA;1 299 990 ;1 599 990 
LED телевизор TCL 40S6500;139 990 ;159 990 
LED телевизор LG 75UP78006LC;619 990 ;759 990 
OLED телевизор LG OLED65A1RLA;949 990 ;1 099 990 
QLED телевизор Samsung QE85QN85AAUXCE;2 299 990 ;2 399 990 
LED телевизор TCL 70P615;339 990 ;429 990 
LED телевизор LG 65UP77006LB;394 990 ;449 990 
NanoCell телевизор LG 55NANO866PA;445 790 ;529 990 
LED телевизор Samsung UE85AU8000UXCE;999 990 ;1 299 990 
LED телевизор KIVI 40F740LB;169 890 ;199 990 
LED телевизор LG 82UP81006LA;869 990 ;1 199 990 
Nanocell телевизор LG 75NANO926PB;999 990 ;1 399 990 
LED телевизор Sony KD75X81JCEP;849 990 ;979 990 
LED телевизор LG 75UP81006LA;629 990 ;799 990 
QLED телевизор Samsung QE75Q80AAUXCE;1 299 990 ;1 399 990 
OLED телевизор LG 77C1RLA;1 999 990 ;2 499 990 
LED телевизор Sony KD43X81JR;429 990 ;Скидки нет
Nanocell телевизор LG 65NANO806PA;524 990 ;629 990 
OLED телевизор Sony XR55A80JCEP;1 199 990 ;Скидки нет
LED телевизор Sony KD55X85TJR;629 990 ;Скидки нет
LED телевизор Samsung UE43TU7090UXCE;219 990 ;229 990 
OLED телевизор Sony XR65A80JCEP;1 799 990 ;Скидки нет
QLED телевизор Samsung The Frame TV QE75LS03AAUXCE;1 379 990 ;Скидки нет
LED телевизор TCL 65P715;299 990 ;349 990 
LED телевизор Sony KD85X85TJCEP;1 299 990 ;1 649 990 
QNED телевизор LG 65QNED916PB;799 990 ;1 499 990 
LED TV Philips 55PUS7406/60;309 990 ;324 990 
LED TV Philips 65PUS7406/60;449 990 ;Скидки нет
LED TV Haier 50 Smart TV K6 Light;249 990 ;Скидки нет
LED телевизор Samsung UE55TU7090UXCE;Нет в наличии;Скидки нет
LED телевизор Haier 43 Smart TV MX;Нет в наличии;Скидки нет
OLED телевизор LG OLED55BXRLB;Нет в наличии;Скидки нет
QLED телевизор Samsung QE55Q90TAUXCE;Нет в наличии;Скидки нет
LED телевизор Philips 55PUS6704;Нет в наличии;Скидки нет
OLED телевизор LG OLED65BXRLB.ADKB;Нет в наличии;Скидки нет
QLED телевизор Samsung QE65Q90TAUXCE;Нет в наличии;Скидки нет
LED телевизор Haier 42 Smart TV HX;Нет в наличии;Скидки нет
LED телевизор Samsung UE65AU7500UXCE;Нет в наличии;Скидки нет
NanoCell телевизор LG 75NANO806PA;Нет в наличии;Скидки нет
LED TV Haier 65 Smart TV K6 Light;Нет в наличии;Скидки нет
